rowname,cc_ischia_10,Angiogenesis,Antitumor.cytokines,Bcells,Cancer.associated.fibroblasts,Checkpoint.molecules,Co.stimulatory.molecules,EMT.signature,Effector.cell.traffic,Effector.cells,Endothelium,Granulocyte.traffic,Immune.Suppression.by.Myeloid.cells,M1.signature,MHCI,MHCII,Macrophage.and.DC.traffic,Matrix,Matrix.remodeling,Myeloid.cells.traffic,NK.cells,Neutrophil.signature,Protumor.cytokines,Tcells,Th1.signature,Th2.signature,Treg,Treg.and.Th2.traffic,Tumor.associated.Macrophages,Tumor.proliferation.rate
IU PDA HM10 CC1,CC1,1.358611091,0.348789244,0.012143627,0.818565924,0.556359299,0.644002673,0.558900761,0.369992496,0.641644524,1.178924018,0.672953646,0.636273544,-0.405320152,0.003215689,-0.648219502,0.619745506,0.681650935,-0.086796418,0.755710305,0.525169555,0.230063268,0.280108569,0.155613529,0.438243157,0.640636101,0.598895382,0.800353404,-0.222772423,-0.083519059
IU PDA HM10 CC2,CC2,0.403509872,0.438796583,-0.498885467,-0.071746849,0.220078374,-0.204403878,-0.35744698,1.643233005,-0.015919467,-0.134100175,1.418030678,0.679176411,-0.032566208,1.646268147,0.603619167,0.578774522,0.940343299,-0.21341904,0.510837815,0.132864217,-0.217734218,-0.314169117,-0.214934964,0.029126604,-0.277733765,-0.276750043,-0.604217535,0.637450455,1.505354777
IU PDA HM10 CC3,CC3,-0.020806259,0.347139315,-0.759790547,-0.38517167,-0.082768895,-0.685659332,-0.750353614,1.670864422,-0.528169196,-0.64799336,1.532408529,0.639191837,-0.05423721,1.970619048,0.541558768,0.554060089,1.013116927,-0.228030185,0.199786795,-0.512092825,-0.264997475,-0.093159551,-0.644014186,-0.500250869,-0.852350603,-0.659585503,-0.930846852,0.128235843,2.531884552
IU PDA HM10 CC4,CC4,0.533495705,0.380202952,-0.235258464,0.151741901,0.523512437,0.245997451,0.127483391,1.429108411,0.454409261,0.413983433,1.027273362,0.817225723,0.215889552,1.258744392,0.493260954,1.037956729,0.891801673,-0.264322146,0.804285405,0.560029245,0.178360651,-0.2751503,-0.024711529,0.34065381,0.097512917,0.128994545,-0.16631601,0.756229384,0.816303389
IU PDA HM10 CC5,CC5,0.408650508,0.22128695,-0.021868627,0.604604468,0.591585823,0.468636995,0.285802613,0.59360679,0.726988807,1.074411772,0.385945915,0.740307088,-0.024487662,0.529622632,-0.429157279,0.948627234,0.687322094,-0.034603059,0.526071356,0.639869584,0.421181028,-0.591123765,0.026159115,0.625489688,0.514583733,0.674927304,0.349487372,0.055727535,0.531702813
IU PDA HM10 CC6,CC6,0.231733519,0.432439788,0.183494378,-1.154844588,0.842388555,0.729133259,0.17550391,0.458544887,1.010054034,0.30767699,0.249737886,0.568083274,-0.073239725,-0.655133975,-0.41704385,0.43793377,-0.614576913,-0.805096442,0.483032792,0.916543164,0.4598064,-0.780416304,0.294523114,0.74433607,0.949720017,0.952070431,0.578120979,-0.178473801,0.237333019
IU PDA HM10 CC7,CC7,0.537322545,0.315461033,-0.159032253,0.383277606,0.518797114,0.312440741,0.315360503,1.141596842,0.589712776,1.085139879,0.560236227,0.670022586,0.1548159,0.938359364,0.37770881,0.995954728,0.686638774,-0.474985915,0.698012329,0.545098197,0.097868062,-0.251367647,0.128668425,0.419753731,0.354578531,0.456038155,-0.024621835,0.696775268,0.293982487
IU PDA HM10 CC8,CC8,0.381080906,0.371075772,0.020637982,-0.369939903,0.658068331,0.489890541,0.251727744,0.907041402,0.810188047,0.496072932,0.447729629,0.684057277,-0.061891652,0.450045012,0.030009435,0.610402731,0.190211134,-0.615078563,0.771509023,0.796797594,0.321753734,-0.584571434,0.389341898,0.582369756,0.649382007,0.632896939,0.284863049,0.346835896,0.188227133
IU PDA HM10 CC9,CC9,0.068631212,0.762037664,0.087243443,-0.611156335,1.25501406,0.491146631,-0.161338325,1.716657934,1.105051561,0.018636056,-0.155091881,0.413928768,0.029551618,0.447495734,0.864005641,0.444271219,-0.406964185,-0.703362003,-0.005578972,1.301406027,0.328897278,-0.088266503,0.957752054,1.492050925,0.786127712,0.754758271,0.397505564,0.524898231,-0.067347421
IU PDA HM11 CC1,CC1,-0.011671018,-0.828868626,-0.47068186,1.044307469,-0.374192371,-0.517960864,0.916497794,-0.531233777,-0.534384459,0.343095472,-0.652466288,-0.244065269,0.634096292,0.154014821,0.417705677,0.236623713,0.770086643,0.754972139,-0.001431203,-0.571475768,-0.136501604,0.390412698,-0.176571658,-0.301632874,-0.373189001,-0.484175958,0.091094186,0.826723456,-0.919257723
IU PDA HM11 CC2,CC2,-0.565956196,-0.761865163,-0.833807412,0.373632763,-0.975873635,-1.009522387,-0.057564957,-0.876919796,-1.149036096,-0.284287222,-0.324702398,-0.590652113,-0.159860945,0.44666335,0.458478423,-0.701642581,1.020033666,0.789023497,-0.757053437,-1.113499942,-0.51074959,0.34528294,-0.763895429,-0.905421934,-0.975868831,-0.938697497,-0.190328575,0.420927582,-0.890828492
IU PDA HM11 CC3,CC3,-1.027800847,-0.708757927,-1.046542558,0.114509458,-1.387270635,-1.412883187,-0.476092259,-1.212493997,-1.541000646,-0.747913032,-0.689901253,-1.102014381,-0.455493261,0.521962804,0.176487346,-1.370866991,0.846853801,0.662830569,-1.49052163,-1.542301675,-0.859461223,0.173849595,-1.103029313,-1.253703916,-1.328399995,-1.305996657,-0.58114162,-0.252860267,-0.898887308
IU PDA HM11 CC4,CC4,-0.224118827,-0.636567996,-0.601371546,0.508916471,-0.547996763,-0.62671074,0.321561549,-0.571421463,-0.708875164,0.17071405,-0.280243036,-0.273629536,0.113444347,0.260573997,0.505096401,-0.194079196,0.897903859,0.721486971,-0.266661685,-0.707065793,-0.255025241,0.314811508,-0.404469094,-0.576115569,-0.604279099,-0.598739481,0.137207737,0.709728046,-0.88057539
IU PDA HM11 CC5,CC5,-0.014502513,-0.690383871,-0.545506548,0.866908663,-0.478230064,-0.608700973,0.730132728,-0.473271721,-0.669375667,0.385597768,-0.426679533,-0.073877176,0.36033614,0.115890748,0.495046003,0.009239262,0.862118132,0.967759874,-0.128785995,-0.65273894,-0.191744449,0.498987772,-0.264449438,-0.489535331,-0.56894907,-0.611556463,-0.075771649,1.05773961,-0.940533155
IU PDA HM11 CC6,CC6,-0.182547429,-0.08298794,-0.212909101,-0.211548831,0.00834844,-0.041996854,0.19316014,-0.06911941,0.230997131,0.110248876,0.381345968,0.274881386,-0.015379341,0.019388745,-0.022177363,-0.02988019,0.326552194,-0.361516261,0.411810366,0.263253474,0.48969424,-0.321576913,0.030718601,0.185156483,0.189938284,0.138823436,0.082931013,0.184109883,-0.45631867
IU PDA HM11 CC7,CC7,0.08114454,-0.555565328,-0.478598441,0.817416318,-0.372347439,-0.445532145,0.597084251,-0.423041389,-0.520954514,0.661626584,-0.317576351,0.1002616,0.363946315,0.16143904,0.724750616,0.382598619,0.75079281,0.571708566,0.382691777,-0.445740599,-0.01559151,0.490619524,-0.00351027,-0.369942891,-0.527034521,-0.509977951,0.340561934,1.413771637,-0.858147605
IU PDA HM11 CC8,CC8,-0.208545186,-0.111096592,-0.174761371,0.027129273,0.162197246,0.073492098,0.086224126,-0.037039604,0.301998255,0.325926173,0.027605431,0.356043833,-0.038759934,0.093151465,0.399024084,0.186367653,0.586907493,-0.172806208,0.453417201,0.332759897,0.282551548,-0.183669409,0.312800185,0.150667829,0.215701215,0.140152285,0.562267376,0.506499491,-0.38970813
IU PDA HM11 CC9,CC9,0.065043996,-0.582833102,-0.318922979,-0.847979602,0.879700323,0.140650936,0.919463034,1.206701239,0.396874384,0.103503653,-0.416074328,0.291574505,-0.305965656,0.813945043,0.099496983,0.079407361,0.118430473,0.263452479,0.164346567,-0.114142788,1.525802222,0.333976193,2.507307106,-0.072334634,1.246976755,0.211542947,2.973070813,0.21328289,-0.590563586
IU PDA HM12 CC2,CC2,-0.20592281,0.689066797,-0.538162232,-0.066839458,-0.601269107,-0.411503627,0.063371715,-0.217655679,-0.577692518,-0.272025294,0.040843206,-0.483606254,-0.275377597,0.242649137,0.616821032,-0.159129508,0.630209501,0.60815805,-0.353951747,-0.503013139,-0.028672686,-0.142411385,-0.403171772,-0.425317882,-0.357722267,-0.468575885,-0.227115401,-0.115542649,-0.665784479
IU PDA HM12 CC3,CC3,-0.789693856,0.798041688,-0.994190516,-0.344688172,-1.415941586,-1.137149207,-0.354094195,-0.719224377,-1.478921558,-1.198367742,-0.050422647,-1.187638652,-0.626357735,0.295541131,0.786406588,-0.7600117,0.557861117,0.606484065,-1.018159122,-1.376814712,-0.541947815,0.175459082,-0.881359287,-1.146167406,-1.204769722,-1.228026663,-0.722443986,-0.421559636,-1.035693873
IU PDA HM12 CC4,CC4,0.184939519,0.450292227,-0.36259946,0.135747227,-0.260909448,-0.168359777,0.182088042,-0.136894991,-0.200596985,0.361151031,-0.040402409,-0.290616824,-0.105009642,0.127552334,0.405086606,0.0627528,0.50763371,0.572793139,-0.130884919,-0.175868215,0.167970635,-0.16939667,-0.283149973,-0.129588944,-0.045739959,-0.073224127,-0.057685595,-0.146460859,-0.481848555
IU PDA HM12 CC5,CC5,0.240218587,1.095037718,-0.30659338,0.535516363,-0.309080571,0.045398092,0.882076169,-0.267643342,0.079793852,0.858391617,-0.225030614,-0.613044557,0.052515725,-0.057154188,0.375239491,-0.216348854,0.601075909,0.831806276,-0.112219999,0.120072178,0.140179283,-0.103644407,-0.098259692,-0.032406144,0.109832012,-0.119285597,0.034606766,-0.13976207,-0.169839734
IU PDA HM12 CC6,CC6,0.130259401,0.205527705,-0.428725614,-0.596054454,-0.441464175,0.10465446,0.143305349,0.101949417,-0.231636901,0.311450259,0.182769288,0.221675161,-0.229846657,0.405907406,0.189176674,-0.278106779,-0.15429705,-0.505996728,0.879717396,0.087029528,0.491962661,-0.479772562,-0.334896894,-0.086341722,-0.156404082,-0.1096895,-0.313328333,0.748251792,-0.488502465
IU PDA HM12 CC7,CC7,0.151625492,0.33676379,-0.205275415,0.304945404,-0.013059527,0.208026951,0.030047599,-0.167579013,-0.017695356,1.069533028,-0.009009728,0.109508656,0.052664326,0.186872876,0.704577578,0.059377242,0.068187444,0.119401775,0.483542187,-0.000922167,0.169602218,-0.015044982,0.151911473,0.167157987,0.138674352,0.002359224,0.052001243,0.515117756,-0.552837247
IU PDA HM12 CC8,CC8,0.023013191,0.347219433,-0.308966296,-0.259868415,-0.132334558,-0.016962779,-0.056747658,0.167632463,-0.128358231,0.164084872,0.349026454,0.478574063,0.04571162,0.33251908,0.49395933,0.505986985,0.459433485,-0.181612599,0.643508711,-0.081843335,0.264932516,-0.451853572,-0.011778389,0.050232306,-0.059755173,-0.117951547,-0.188522807,1.141121088,-0.503773503
IU PDA HM12 CC9,CC9,-0.648007405,0.552136855,0.371087582,0.417991792,-0.418517858,1.358895388,1.210961462,1.606110515,0.425923502,0.491208885,-0.573575819,2.183204426,-0.721157775,0.57951484,0.593510726,0.327921181,-0.734186124,0.15221392,0.575989503,-0.013746574,-0.034376943,0.994018251,1.100746209,0.590565099,-0.157983047,-0.020219779,-0.592950243,1.637899629,0.194173047
IU PDA HM13 CC1,CC1,0.134556528,0.24790166,0.19685594,0.081688899,0.865379122,0.766933744,0.231192233,0.417036655,1.002353737,0.390612329,0.065793293,0.54703353,-0.017153163,-0.579520051,-0.202730025,0.532238651,0.051604369,-0.241401191,0.594876007,0.8969664,0.46441065,-0.659088274,0.339821216,0.702125104,0.927089515,0.958342349,0.588268663,0.165612278,0.165151906
IU PDA HM13 CC4,CC4,-0.049361814,-0.388783289,-0.086150822,0.547807459,-0.026914213,0.356203035,-0.487850789,0.691755055,0.565410108,-0.136862226,-0.080783995,0.477149924,-0.123907915,0.362366961,0.398214451,0.138096229,0.280966897,0.555149941,0.693349581,0.276008597,1.069713578,-0.207280874,0.54192493,0.556154476,0.282899037,0.458318383,0.218185338,1.09725876,-0.099363217
IU PDA HM13 CC5,CC5,-0.110118661,-0.077787177,0.07681904,0.435037749,0.652473167,0.417888379,0.145956754,-0.048793533,0.708029717,0.234798978,0.177287478,0.63675035,-0.129107356,0.005718762,-0.19553992,0.513993739,0.290487028,-0.132234905,0.632412754,0.564196093,0.085554445,-0.30165019,0.382932822,0.471700437,0.52153785,0.659322257,0.27982762,0.54693764,0.109371969
IU PDA HM13 CC6,CC6,0.05980976,0.179676542,0.088622291,-0.463631735,0.645593289,0.564743425,0.207216836,0.267899445,0.819020182,0.433458175,0.218480024,0.513586992,-0.182213114,-0.570565356,-0.396010737,0.313972721,-0.201682225,-0.658667893,0.729884828,0.680134923,0.296541553,-0.582083952,0.278259349,0.581280388,0.744655124,0.753658243,0.43860294,-0.069041793,0.023459987
IU PDA HM13 CC7,CC7,0.14962667,0.223067151,0.162798741,-0.140931613,0.825776429,0.751252724,0.221696791,0.377467875,0.998881201,0.439664912,0.079653825,0.676297493,-0.011328258,-0.387061612,-0.106127742,0.539144735,-0.08811156,-0.407322374,0.76032562,0.88656145,0.424948832,-0.625666065,0.352569555,0.690145544,0.893141953,0.907919454,0.558731437,0.435664933,0.156921932
IU PDA HM13 CC8,CC8,0.185295021,0.206974196,0.178579276,-0.43083205,0.854030692,0.753638996,0.237944103,0.427388551,1.010452566,0.559446958,0.10203539,0.421337459,-0.055701936,-0.723255174,-0.308663941,0.491137302,-0.268413778,-0.575941003,0.746925168,0.893637677,0.43376994,-0.625714388,0.337276674,0.714273835,0.944095682,0.965773813,0.624112882,-0.088979369,0.184834977
IU PDA HM13 CC9,CC9,0.197371189,0.309294419,0.277674713,-1.032257459,1.072486914,1.093747272,0.167076564,0.468904442,1.277167435,0.355327713,0.070574091,0.429026623,-0.044646984,-0.271361103,-0.607140577,0.909706486,-0.458956557,-0.826637304,0.580785231,1.046567849,0.203786562,0.745841292,0.923643224,0.817578465,1.084966389,1.239919516,0.752898855,-0.318005636,0.317156629
IU PDA HM2 CC1,CC1,-0.338569481,0.09901533,0.11510213,-0.215385712,0.63530468,0.535968949,-0.127671325,0.176341482,0.833313305,-0.034738819,-0.097673151,1.043973863,-0.244739892,0.246638315,-0.626615178,0.176643048,0.298442563,-0.908900867,-0.152650086,1.323802325,0.467415971,-1.052251302,0.638494903,0.614419085,0.862637625,1.050504339,0.854161018,0.070115027,0.381174811
IU PDA HM2 CC2,CC2,-0.282658944,0.063871627,-0.011503629,-0.575603036,0.431969223,0.4387376,0.359141766,0.220078774,0.608066034,-0.149176855,-0.061340354,0.157164649,-0.24154746,-0.279547385,-0.221839173,0.166050229,-0.110097277,-0.650223431,-0.117582454,0.537037062,0.369432861,-0.455004228,0.07793308,0.418216001,0.63152099,0.583993316,0.310331284,-0.164823911,0.173209174
IU PDA HM2 CC3,CC3,-0.596734659,-0.161856723,-0.287731344,-0.561033597,-0.098356784,-0.066438751,0.296543223,-0.132161341,0.054650666,-0.584403486,-0.174670468,-0.261968361,-0.473781362,0.115586783,-0.200234889,-0.279571847,0.060015993,-0.504176356,-0.523526388,0.008221435,0.048019709,-0.250903566,-0.236439347,-0.02436209,0.106269126,0.056821478,-0.080539554,-0.355406145,0.193840699
IU PDA HM2 CC4,CC4,-0.243204349,0.085547495,0.004815925,-0.400105663,0.490706657,0.504088398,0.440184235,0.269101504,0.713276902,-0.006947513,-0.0984696,0.258165691,-0.144801661,-0.10038723,-0.135004564,0.304716802,-0.060929805,-0.633168505,-0.059410155,0.654274873,0.366439441,-0.47798657,0.14654681,0.486592521,0.677187926,0.629275212,0.348268783,-0.041995737,0.181651085
IU PDA HM2 CC5,CC5,-0.110050966,0.149234636,0.080384048,-0.066927231,0.532776523,0.56709883,0.418406009,0.384403269,0.663036895,-0.068325884,-0.233134381,0.580922205,-0.187648236,-0.203979046,-0.051169634,0.256862043,0.242622272,-0.544802805,-0.154544957,0.539375654,0.383887729,-0.541529426,0.279973877,0.504466017,0.617975058,0.637287072,0.314746026,0.121481364,0.126568868
IU PDA HM2 CC7,CC7,-0.03261416,-0.301089481,-0.098917297,0.14089018,0.566037663,0.118185359,0.573064301,0.631925666,0.445721087,0.810746393,-0.47419375,0.330129357,-0.318329245,0.669663073,0.966986796,0.599991499,0.370995077,-0.554991966,0.466513337,0.330583383,0.292301486,-0.41331004,0.176592702,-0.025029805,0.114395096,0.417286313,-0.120660028,0.558367996,-0.091561701
IU PDA HM2 CC9,CC9,0.705674227,0.296244245,0.24665998,-1.634943446,0.923304191,0.815873753,0.079226266,0.387233786,1.11247487,0.225521763,0.090145343,0.319792839,-0.056336851,-1.907115092,1.687895619,0.430312922,-1.601962243,-0.819709888,0.186451335,0.988571058,0.590844034,0.696493029,0.305269305,0.818882675,1.096519622,1.075657189,0.691084314,-0.366603005,0.237594949
IU PDA HM2 2 CC2,CC2,-0.402598708,-0.076527403,-0.208582567,-0.510605673,0.059079399,0.124778843,0.190601782,-0.036019621,0.235506346,-0.271135602,-0.288088505,0.134508512,-0.399022724,-0.082392934,-0.133026837,0.146697734,0.464753696,-0.640539052,-0.186610649,0.141037406,-0.077880891,-0.421810402,-0.082989153,0.057214998,0.203501478,0.189376613,0.032386612,-0.033913916,0.11874995
IU PDA HM2 2 CC3,CC3,-0.431311705,-0.314009886,-0.412432625,-0.600683144,-0.471349611,-0.339300321,0.161995472,-0.475934474,-0.247968021,-0.579398647,-0.013651081,-0.478396609,-0.545472693,0.098941509,-0.197806349,-0.249119869,0.36174723,-0.607609345,-0.324714668,-0.199214727,-0.364338978,-0.385577481,-0.323582887,-0.294961485,-0.248956897,-0.308018732,-0.310770407,-0.183603319,-0.030533108
IU PDA HM2 2 CC4,CC4,0.330127845,0.39355716,8.56E-05,-0.652857114,0.414572591,0.395133092,-0.12102041,0.011123049,0.641950847,0.419216438,-0.033480254,0.174079814,-0.431203427,-0.100402353,0.303586524,0.20197915,-0.06502747,-0.701290874,0.151958235,0.507103788,0.146559903,-0.833548483,0.178569082,0.410395994,0.617281639,0.604305184,0.393936794,0.028762528,0.023148303
IU PDA HM2 2 CC6,CC6,-0.084334542,0.121847617,-0.105202539,-0.719548659,0.274263194,0.130029255,0.16372496,0.058879432,0.441373457,0.199220767,0.056168062,0.474418612,-0.053821924,-0.377105826,-0.257758397,0.252067017,-0.294344695,-0.940077109,0.601552625,0.373514461,0.027391234,-0.392997528,-0.008599225,0.281992148,0.361602808,0.379528155,0.039412537,0.210940339,-0.203253623
IU PDA HM2 2 CC8,CC8,-0.265544661,0.00494242,-0.047573136,-0.644252358,0.318410734,0.270082823,0.14905042,0.093095999,0.463082329,-0.027274233,-0.113380719,0.28053515,-0.203665745,-0.167059167,-0.15034737,0.167055228,0.268742701,-0.691770657,0.047247465,0.399454322,0.053616973,-0.626493613,0.087699154,0.284153659,0.404542752,0.401671208,0.207314096,-0.005510893,-0.025556387
IU PDA HM3 CC1,CC1,0.057250238,0.016361771,0.01030417,0.397504702,0.512062074,0.451466519,0.443118707,0.198084384,0.625229045,0.643443273,0.066546425,0.12591238,0.246611324,0.123682784,-0.196942944,0.266727087,0.543413054,0.006051664,0.039175801,0.539284768,0.341633839,-0.144780981,0.129341566,0.778592215,0.658941774,0.569344091,0.364067148,-0.174813031,-0.070392001
IU PDA HM3 CC2,CC2,-0.392944741,0.335989077,0.006970839,-0.725624764,0.353423101,0.218360455,-0.192196228,0.729118523,0.44092526,0.130719363,-0.09511798,0.173570355,-0.316983958,0.081219766,-0.310875646,0.109564408,-0.193621869,-0.544829912,-0.163758022,0.328039096,0.218237317,-0.199060987,-0.109645349,0.296486938,0.476760669,0.494943738,0.461417707,-0.14345018,-0.050762781
IU PDA HM3 CC3,CC3,-0.011114732,1.151525225,0.061508827,-1.348659384,0.518379274,0.616586213,-0.210896968,0.098783698,0.723454594,0.71573427,-0.171441397,0.632345735,0.282844286,-0.537964971,0.099844786,1.008491434,-1.110440443,-0.943633856,0.433899283,0.617805214,0.406794373,-0.060963717,0.045664937,0.532619284,0.76178727,0.676947517,0.356048083,-0.269245622,0.289769468
IU PDA HM3 CC4,CC4,-0.020141001,0.313239544,0.046388311,-0.269959679,0.489982646,0.388542893,0.087007558,0.585729286,0.799416111,0.443587343,0.111132355,0.84987853,0.12809455,-0.276862117,-0.639218897,0.246145786,0.152971938,-0.441875701,-0.011295192,0.593647706,0.376358924,-0.275181736,0.113949049,0.506269383,0.730435268,0.653731895,0.323828862,-0.11532649,-0.086372657
IU PDA HM3 CC5,CC5,-0.027289929,0.623434065,0.015128987,0.234476319,0.660344798,0.700709817,0.002494139,0.219480363,0.658739458,0.824055253,-0.051544106,0.097905465,-0.029005794,-0.395607547,-0.645259369,0.207717651,0.558931611,-0.08961834,-0.053184692,0.534710549,0.349204252,-0.051618931,0.173048053,0.461089006,0.674853597,0.586574587,0.266718958,-0.295949764,0.060345629
IU PDA HM3 CC6,CC6,-0.08826828,0.525793183,-0.011230857,-0.662078612,0.456600719,0.347833316,0.349252617,0.145014546,0.549671145,0.240443459,0.363104342,0.677974069,-0.254633303,-0.401461204,-0.275013451,0.287729349,-0.558605108,-0.841614323,0.605084694,0.500340536,0.321320934,-0.481896897,0.126536502,0.47630119,0.54003305,0.487109563,0.198452876,-0.067158202,-0.225366554
IU PDA HM3 CC7,CC7,0.064468365,0.33722329,0.074613062,0.430598546,0.433898146,0.426729488,0.367828257,0.203958298,0.521669318,0.949601334,0.00217603,0.306641914,-0.015607849,-0.14236071,-0.17718332,0.39923506,0.41292257,-0.215556237,0.106063774,0.451349219,0.406471252,0.103903533,0.20420419,0.381589812,0.54736221,0.504201445,0.233367477,-0.321588381,-0.016622392
IU PDA HM3 CC8,CC8,0.08354461,0.295334503,0.051507577,0.065402753,0.50281007,0.438225464,0.256427059,0.312619465,0.597437582,0.654273888,0.120459133,0.517936411,-0.047338117,-0.229300023,-0.121841636,0.38554964,0.179849658,-0.499294189,0.410973243,0.59025484,0.344668502,-0.389704195,0.312286345,0.542204339,0.611872357,0.544927757,0.250554136,-0.124533976,-0.136639694
IU PDA HM3 CC9,CC9,-0.366361654,-0.605389872,0.035449573,0.421612795,0.839831603,2.177273338,0.568493578,0.468944164,0.156094866,0.648222584,-0.255263874,0.195797216,-0.368038617,0.639772447,0.805877318,0.401902282,-0.066132746,-0.356947453,0.557115633,0.462031998,-0.067167937,0.187181879,1.574625492,3.144160909,0.02019028,-0.141345593,0.39685707,0.067512082,-0.885480468
IU PDA HM4 CC2,CC2,-0.100404695,0.181437433,0.018304478,-0.951749386,0.498110327,0.528228836,-0.133777062,0.183960615,0.653429817,0.001744535,0.043221865,0.221346026,-0.075130663,-0.606465255,-0.180213774,0.267397363,-0.40462656,-0.75812806,0.063512147,0.587113968,0.625213136,-0.65135985,0.075239397,0.509738044,0.7144988,0.629236041,0.392653783,-0.233242529,0.236780645
IU PDA HM4 CC3,CC3,-0.238031985,0.196332116,-0.008412721,-1.063865922,0.419276977,0.499434042,-0.19250784,0.148273461,0.584412305,-0.143230461,0.076025467,0.091083285,-0.1197956,-0.34287446,-0.27155097,0.157045655,-0.621479457,-0.768324291,-0.135968851,0.526333626,0.625161446,-0.663515592,-0.017118094,0.439151141,0.659140333,0.562955677,0.357633967,-0.409762742,0.168785215
IU PDA HM4 CC4,CC4,-0.4925873,0.264234889,-0.086803352,-0.492477816,0.402087567,0.372688231,0.030044646,0.130620498,0.486517021,-0.135831103,-0.099229579,0.305478851,-0.269203844,-0.630867506,0.183400458,0.283868652,0.195906709,-0.56591732,0.243383272,0.454893683,0.594936548,-0.191922714,0.274279331,0.306486121,0.665907833,0.512781546,0.553557869,0.081972285,0.262614992
IU PDA HM4 CC6,CC6,-0.03756122,0.329413939,0.109110957,-1.237051744,0.661372161,0.600148989,0.069437875,0.281617059,0.818028949,0.086542746,0.066302224,0.416258791,-0.131874151,-0.854079535,-0.342678703,0.310873367,-0.80825615,-0.888342421,0.50547701,0.760041074,0.5976159,-0.739358095,0.177346445,0.606304296,0.840028413,0.793668584,0.440008883,-0.163597519,0.090310054
IU PDA HM4 CC7,CC7,0.044073453,0.326025423,0.024643387,-0.726789382,0.643007447,0.962118197,-0.156312343,0.332382104,0.636541736,0.387879315,0.182769279,0.661367744,-0.234533289,-0.07126993,0.251315427,0.55076187,-0.079684051,-0.965601059,0.806555752,0.558461827,0.672377835,-0.87179097,0.50992214,1.105251832,0.708584722,0.768048805,0.280790798,0.990986782,0.045644216
IU PDA HM4 CC8,CC8,-0.190168168,0.236558158,-0.01289785,-0.955137177,0.40356506,0.452770342,0.054448494,0.136457263,0.566555459,0.002274742,-0.061557107,0.404839982,-0.172400746,-0.559328793,-0.015173775,0.267301495,-0.289200032,-0.821983907,0.363634297,0.552615706,0.487804222,-0.648518015,0.139152303,0.448557431,0.644694809,0.551729542,0.349039411,-0.097304422,0.078382287
IU PDA HM4 CC9,CC9,-1.155576256,-0.464068866,0.251845478,-0.060385534,0.325185517,0.196289442,-0.357018088,-0.674501259,0.334715167,-0.569674643,-0.771689058,-0.047011378,-0.411798748,1.16036578,0.783237154,-0.200511846,0.539637232,-0.104861339,0.412091236,0.686180542,-0.341848524,-0.35111563,1.814225572,1.271718557,0.787782202,0.543162307,1.519491666,-0.192704705,-0.288769272
IU PDA HM5 CC2,CC2,-0.744705847,-0.368190798,-0.812470659,-0.073450213,-1.045845321,-1.105790154,-0.236035031,-0.901036616,-1.057383751,-0.554999298,0.369760138,-0.567031218,-0.50759907,0.776002013,-0.022265402,-0.27333921,0.893209182,-0.296582486,-0.72236795,-0.989470995,-0.180370546,0.067970859,-0.99446141,-0.816461338,-0.883299796,-0.744225316,-1.111755567,0.226884929,0.721728381
IU PDA HM5 CC3,CC3,-1.159738382,-0.561933232,-1.117842973,-0.014747814,-1.595569975,-1.724051708,-0.568336871,-1.341139796,-1.662829764,-1.145444089,0.378647261,-0.908267167,-0.742372957,1.040545025,-0.158636391,-0.83356995,1.083978138,-0.171936523,-1.505404122,-1.586980848,0.028104803,0.232205569,-1.452879816,-1.316987414,-1.444510379,-1.203341277,-1.596283809,-0.142538973,1.269016184
IU PDA HM5 CC4,CC4,-0.825683669,-1.308078297,-0.817211509,0.396075302,-1.368997765,-1.008444824,0.369993766,-0.620056157,-1.064260877,1.337484616,0.729866845,-0.975510864,0.054660615,2.007071654,-0.814604647,-0.586448028,1.387334402,-0.438302327,0.030725311,-1.074757047,-0.5579063,0.381118791,-1.182887307,-0.832646788,-0.815518864,-0.77900882,-0.664943739,0.18369173,0.324785199
IU PDA HM5 CC5,CC5,0.070000134,0.34471516,0.270324793,-0.464108006,0.958961886,0.846620935,0.109533389,0.41883905,1.135048027,0.255667882,0.143481442,0.346976127,1.892457559,-0.377552417,-0.59445012,0.469643379,-0.370503487,-0.795675469,0.233539406,1.033774203,0.722498042,-0.895997313,0.328671716,0.871620635,1.161683323,1.099800787,0.732151354,-0.34198739,1.126944
IU PDA HM5 CC6,CC6,-0.124997249,0.06436774,-0.11521024,-0.83710724,0.145145724,0.075529892,-0.049656754,-0.059155183,0.289820056,0.01388475,0.301479742,0.47792686,-0.297491181,-0.2249828,-0.302907629,0.032982015,-0.329543489,-0.904150797,0.379502793,0.291013698,0.329972069,-0.733065025,-0.079643332,0.25510147,0.380437411,0.276830304,-0.006955189,-0.024751733,-0.267098941
IU PDA HM5 CC8,CC8,-0.162882832,-0.085590987,-0.24819417,-0.644216424,-0.06470483,-0.151531604,-0.236142409,-0.221462328,0.059178144,-0.183525974,0.417355225,0.192346268,-0.347142689,0.023027588,-0.03647182,-0.006806026,0.25994552,-0.750348801,0.031675707,0.056266035,0.286828228,-0.534506399,-0.255020242,0.066647571,0.167659469,0.123259097,-0.107045741,-0.035333758,-0.035327172
IU PDA HM6 CC1,CC1,0.442241007,-0.104765651,0.064070927,0.707004323,0.473218194,0.518302622,0.764571333,0.258075522,0.723410003,0.363784448,0.250165219,0.10497081,0.112959111,-0.267561694,-0.331009354,1.46950997,0.720601402,-0.437626522,0.592480196,0.601318775,-0.046864463,-0.167181519,0.219504331,0.400973931,0.59498192,0.660911235,0.259170387,0.157552261,-0.026137509
IU PDA HM6 CC2,CC2,0.3256606,0.272738529,0.211378594,-0.844777971,0.924039215,0.821324192,0.180645903,0.480535398,1.115963876,0.326115371,0.156677236,0.393139337,0.056044693,-0.844232572,-0.552787061,0.544347836,-0.35553105,-0.644117497,0.381869749,0.919650439,0.204674657,-0.554331342,0.328966617,0.746929694,0.951086738,1.087847803,0.643250435,-0.230942744,0.396327236
IU PDA HM6 CC3,CC3,0.374658035,0.307958652,0.170556927,-0.952637128,0.892753001,0.748948658,0.07218826,0.454544185,1.051957652,0.282195408,0.188004717,0.315240261,-0.042638122,-0.881164199,-0.606243595,0.494238125,-0.489156586,-0.744106184,0.270438977,0.858386264,0.158531622,-0.580438246,0.28746661,0.65661747,0.925689953,1.01232958,0.664610245,-0.311380834,0.424630787
IU PDA HM6 CC4,CC4,0.267165766,0.30949091,0.19029275,-0.580281659,0.924382251,0.77596851,0.269879137,0.482964754,1.096448452,0.41851965,0.211518323,0.446214059,0.064676727,-0.659797521,-0.454954785,0.660010761,-0.117609735,-0.581933879,0.439912258,0.906015986,0.227286979,-0.549166398,0.398094498,0.708080521,0.924797116,1.069841038,0.620553188,-0.183962771,0.349831277
IU PDA HM6 CC5,CC5,0.225573429,0.133637772,0.059117407,0.190460515,0.764754631,0.483428819,0.619494906,0.410187356,0.770490838,0.641393146,0.346048492,0.349486499,0.16959536,-0.182924747,-0.464647905,1.07378248,0.494403016,-0.180028682,0.508838476,0.701794891,0.143907791,-0.10013306,0.245888656,0.419950609,0.614990946,0.853842774,0.534252012,0.058358743,0.214945168
IU PDA HM6 CC6,CC6,0.196766879,0.27803125,0.206205704,-1.018168728,0.900838249,0.822879437,0.135645762,0.451716243,1.109725363,0.335462136,0.132930338,0.43023126,-0.024632974,-1.010274065,-0.557386675,0.548910231,-0.442039546,-0.804384469,0.659706015,0.949771335,0.23750776,-0.517872608,0.424170485,0.766082895,0.942669801,1.062843851,0.61374259,-0.198693291,0.229740808
IU PDA HM6 CC7,CC7,0.371134382,0.305469462,0.16758776,-0.456835955,0.872382807,0.811854272,0.244338156,0.475374691,1.052861579,0.647321814,0.263782376,0.506196357,0.063282592,-0.567120155,-0.314219487,0.79612504,-0.169854818,-0.493293198,0.620281588,0.871883805,0.393206569,-0.578927196,0.47089304,0.604094848,0.873609711,0.951709275,0.636435178,0.108868249,0.167741666
IU PDA HM6 CC8,CC8,0.270762341,0.350038168,0.206325901,-0.783634601,0.88759475,0.798543271,0.209596812,0.502492953,1.103817458,0.518006939,0.112235649,0.410679276,0.100027592,-0.576693461,-0.428123283,0.618516349,-0.234887964,-0.70035636,0.586344327,0.962058981,0.197088866,-0.611792802,0.576893486,0.71452338,0.904293075,1.031558232,0.609228439,-0.176435562,0.244936009
IU PDA HM6 CC9,CC9,0.228325434,0.318399568,0.329470909,-1.255010143,1.108458853,1.021186261,0.178333599,0.548370793,1.257688333,0.411176292,0.064643253,0.532113186,0.033393261,-0.87570974,-0.363692401,0.606681596,-1.131069473,-0.75505536,0.424709683,1.0446165,0.275267527,-0.701200364,1.009488485,0.855113057,1.052741918,1.229052239,0.744112786,-0.217962132,0.43719713
IU PDA HM8 CC2,CC2,-0.381983829,-0.128850737,-0.611168969,-0.689078679,-0.748618725,-0.766815826,-0.538855925,-0.713848849,-0.645060742,-0.65963903,0.054233308,-0.160076147,-0.447050572,0.16420805,0.33165821,-0.40444788,0.608880664,-0.57273654,-0.268163863,-0.702369352,0.07237872,-0.852062494,-0.685412423,-0.519138079,-0.520627758,-0.509492566,-0.557676197,-0.255009138,-0.226183264
IU PDA HM8 CC3,CC3,-0.557502188,-0.644373091,-0.685414715,-0.727558535,-0.50157874,-0.61474899,-0.444303254,-1.028774012,-0.819153056,-0.760515841,0.35555445,-0.557464072,-0.616882642,0.033533714,0.480939816,-0.836489577,0.548325821,-0.493262356,-0.695319404,-0.746199322,-0.214647208,-1.03328665,-0.735620932,-0.770216056,-0.737662071,-0.775387976,-0.615450191,-0.772436858,-0.477051948
IU PDA HM8 CC4,CC4,0.054126417,1.60001515,-0.076152322,-0.68033709,0.259693474,1.410896497,-0.402941064,-0.109364258,0.490375872,-0.367862558,-0.415586821,-0.189105486,-0.546222018,0.873262271,1.534510402,-0.176839897,0.593920262,-0.243671913,-0.611632065,0.353522941,0.013844566,-1.249226665,-0.12434475,0.279413922,0.459078861,0.449369409,0.09829552,-0.721074317,0.51879888
IU PDA HM8 CC6,CC6,0.121422372,0.260518741,0.113927692,-1.218764453,0.700960828,0.630401031,0.12581926,0.223468239,0.856594505,0.191632233,-0.008429009,0.586766488,-0.133540832,-1.106545705,-0.406184417,0.342513187,-0.775567506,-0.85788008,0.484001844,0.744348175,0.310464252,-0.748210851,0.145332159,0.601925038,0.822737024,0.892345095,0.460512717,-0.147428553,0.050611082
IU PDA HM8 CC8,CC8,0.010550231,0.127951236,-0.195466932,-0.804668233,0.151403593,0.135499158,-0.129366555,-0.102893827,0.217394407,-0.087761988,0.161353087,0.458010025,-0.219169464,-0.323426461,0.081478818,0.286033954,0.120775987,-0.70574785,0.467716496,0.151624631,0.215061184,-0.774128848,-0.173569974,0.191429286,0.258488261,0.303297577,-0.009567712,0.322128539,-0.149534726
IU PDA HM9 CC1,CC1,0.296680307,0.221483818,0.233068575,0.110579327,0.983593652,0.850464191,0.380498756,0.54708591,1.138676872,0.499246419,0.131648639,0.561280745,0.156152419,-0.462910491,-0.483570993,0.754523362,-0.138579851,-0.340778464,0.620616924,0.985825987,0.392187891,-0.256091461,0.333603328,0.84802492,0.994456987,1.043541923,0.627332082,0.473909736,0.265245758
IU PDA HM9 CC10,CC10,-0.595832408,-2.32850504,-1.102158744,1.025883679,-1.878185639,-0.772518845,1.556073014,-1.495857151,-2.301604477,1.540570669,1.892720618,-1.222689578,-0.200784346,-1.13628873,0.686384204,-1.407180605,-0.11270791,-0.111864782,-0.550298417,-1.552076657,-1.596203469,1.596874909,-1.594340932,-1.824663057,-2.066104593,-1.385567065,-0.553008228,-0.38905624,-2.308378853
IU PDA HM9 CC4,CC4,-0.167139558,0.152784116,0.55616436,-0.376525767,0.779098146,0.680515071,-0.031326944,0.274516422,0.987067817,0.09197905,0.400999572,0.207901581,-0.190504736,-0.444925416,-0.620427057,0.288431955,-0.500654037,-0.736150856,0.004867547,0.828210396,0.316603636,-0.211109106,0.207270427,0.67472744,0.918674856,0.948154716,0.545567594,-0.452242393,0.087609501
IU PDA HM9 CC6,CC6,0.273141054,0.173525829,0.150383858,-0.70304649,0.850243926,0.65694825,0.278333952,0.444249343,0.916574358,0.588278989,0.17128502,0.576683598,0.01382502,-0.586340014,-0.518450906,0.374243511,-0.586683096,-0.758946441,0.714054878,0.805967808,0.35080067,-0.738661046,0.352273388,0.606001889,0.77578149,0.798335837,0.51184762,0.117758191,0.069598941
IU PDA HM9 CC7,CC7,0.316628005,0.25164172,0.217547965,-0.387303196,0.944844001,0.786970763,0.245777181,0.701789364,1.040156875,0.577387555,0.142083682,0.509881651,0.293107794,-0.321024414,-0.386543385,0.732436134,-0.665563922,-0.504839197,0.720495351,0.930975074,0.404713157,-0.438389961,0.400895442,0.76514712,0.938798576,0.969014381,0.583694686,0.742063491,0.175051578
IU PDA HM9 CC8,CC8,0.224978124,0.26980107,0.217440185,-0.503896728,0.893403746,0.789852294,0.279156481,0.588680157,1.048707226,0.538390975,0.158202565,0.448832255,0.420967404,-0.325255209,-0.440837243,0.644550421,-0.620486567,-0.571088954,0.595158014,0.878392494,0.332652848,-0.610580691,0.419323428,0.754068872,0.91304582,0.975531437,0.587502721,0.352644147,0.160739463
IU PDA HM9 CC9,CC9,0.17904128,-0.191226596,0.458536918,0.154085177,0.724593856,0.546530022,0.286810014,0.522947952,0.637425734,1.254534726,-0.354250442,0.123605963,0.575487678,0.084013109,-0.243617635,0.728757535,-0.795772347,-0.446682546,0.711361633,0.672834553,0.099833053,-0.0165889,1.345474748,0.82512169,0.568072146,0.475403827,0.358444508,0.663081618,-0.339478934
IU PDA LNM10 CC1,CC1,0.541810931,0.060135579,-0.200106349,1.431706169,0.494399793,0.179558379,0.404274361,0.919658693,0.474912785,0.743259394,0.445804427,0.530938692,-0.111924128,0.620099425,0.646294026,0.698229308,0.467951514,0.352060504,0.904975871,0.669097009,0.422103642,0.188037971,0.622004365,0.222913104,0.196668198,0.261425455,-0.139505926,1.252541177,-0.174776855
IU PDA LNM10 CC2,CC2,0.745200073,0.9530313,-0.795633049,0.315710874,-0.369834941,-0.698532397,-0.265078028,1.725507136,-0.686726951,-0.045843996,1.887141024,0.330370352,0.51982181,1.448016754,0.472007833,0.215293822,0.829386228,0.755028949,0.600940748,-0.457903187,-0.115512032,0.260014623,-0.403917335,-0.709003085,-1.014434109,-0.898856327,-0.813671237,1.200035813,0.586007232
IU PDA LNM10 CC3,CC3,0.281933054,1.073479248,-0.957336239,-0.011913579,-0.885744072,-1.072841991,-0.760494684,1.175020755,-1.176509496,-0.70587752,2.104804051,-0.246519016,0.85375238,1.483754914,0.246839445,-0.483951902,0.805674813,0.652747275,0.119962993,-1.000591965,-0.404768735,-0.032217988,-0.859480503,-1.097263083,-1.332384351,-1.295422084,-0.891571359,0.493413671,0.543083021
IU PDA LNM10 CC4,CC4,0.810308558,0.919462454,-0.690726837,0.637556798,0.035861627,-0.367598738,0.171130669,2.190207219,-0.247023767,0.28331206,1.56060271,0.80219629,0.421545905,1.412142744,0.748994034,0.748897143,0.817801362,0.767929286,0.68875493,0.019635568,0.092356901,0.405990613,0.027008154,-0.416766591,-0.758996725,-0.633718415,-0.697133218,1.544215867,0.456082071
IU PDA LNM10 CC5,CC5,0.786777317,0.653992694,-0.317035403,1.032903327,0.466937484,-0.0406463,0.318063491,1.747342162,0.358027975,0.756004816,0.755104841,0.677844088,0.300543307,1.176806542,0.791174175,0.802473159,0.632197041,0.487326164,0.935715611,0.606624095,0.44536535,0.126221682,0.454518933,0.091355458,-0.121472036,-0.108297136,-0.227346093,1.502035794,0.089361107
IU PDA LNM10 CC7,CC7,0.599492973,0.762701945,-0.505350363,0.907143269,0.673086847,0.239131167,0.259449942,2.416460474,0.48039534,0.363315119,0.662826389,1.46800049,0.426721585,1.600633203,1.283429577,1.533919914,0.501796127,0.348597896,1.277479546,0.855873208,0.186138127,0.444825497,1.232377553,0.263690522,-0.463394675,-0.167861445,-0.372164086,2.932399815,0.146322369
IU PDA LNM10 CC9,CC9,0.376310839,-1.317692643,3.806642812,-0.149802322,-1.034082793,0.150292281,-1.557849842,0.460009325,-1.096566326,-0.339105307,-0.050264973,0.633735076,-1.567270605,1.10808141,1.389687075,-1.249979464,-0.050622264,-0.483445099,-0.560182975,-0.597944735,-0.481064584,0.256864549,-0.420947506,-0.821478966,0.031882977,-0.855002595,-1.234331712,-0.369772375,5.115465758
IU PDA LNM12 CC2,CC2,-0.159506548,0.600259527,1.840699536,-0.194356981,-0.349398777,-0.107103747,-0.527886773,-0.104685528,-0.890560966,-0.196093648,0.318108751,-0.242011162,-0.205460749,0.779394121,0.90705669,-0.545882541,0.48180544,0.190456911,0.494329457,-0.510313755,-0.360076831,0.321305455,1.769590473,-0.06615836,-0.690343462,-0.70650577,-0.240694138,-0.224906019,-0.528069847
IU PDA LNM12 CC3,CC3,-0.487926968,0.392034459,1.621157421,-0.759679908,0.774093791,0.931541924,-0.234159216,-0.916045044,-1.301828795,-0.211187903,0.807280442,-0.611099457,-1.036353165,0.673791971,1.287949695,-0.50387614,0.248038613,0.28473716,0.7300237,-0.668055502,-0.505772903,0.383188366,0.93823895,-0.503012962,-0.324749915,-0.771419498,-0.33304043,0.196455917,-0.910967105
IU PDA LNM12 CC4,CC4,-0.044791694,0.286210717,2.09031958,0.685768838,-0.607959153,-0.29414456,0.212726672,0.020019506,-1.021948911,0.33345752,-0.049120183,-0.315656942,-0.228302247,0.550914692,1.100063952,-0.380144571,0.724116806,0.91116893,0.319059668,-0.659124296,-0.495508596,0.647450906,1.453370418,-0.423425986,-1.00299327,-1.136357061,-0.193847551,0.153058997,-0.782630643
IU PDA LNM12 CC5,CC5,-0.950685148,-0.666198993,0.954795806,0.404584043,-0.028045033,0.769911213,-0.537888294,-0.647834457,-0.27906012,0.5662823,-0.294974371,-0.773398263,-0.972311093,-0.164528881,0.202611547,0.316655076,0.58139844,-0.049149461,0.268167413,-0.277141394,2.38564458,0.525660787,0.676851785,1.132978811,-0.036879433,-0.323233292,0.93588362,-0.570458029,-0.055053842
IU PDA LNM12 CC7,CC7,0.181133752,0.281594419,1.021633629,0.209628172,0.529391452,0.530454309,0.128858075,0.361191452,0.590024436,0.383524642,-0.027395601,0.522059956,0.832135333,-0.257431889,0.149925191,0.622498854,0.012009331,-0.201338926,0.762722592,0.613834552,0.943661258,-0.177700278,0.769750508,0.538115021,0.726993923,0.475951591,0.299187568,0.277907649,-0.073249783
IU PDA LNM12 CC9,CC9,-0.429545508,0.109985227,2.254286756,-0.305344474,0.509539193,0.86307532,-0.274136581,0.531213987,0.149652576,0.170683087,-0.324370284,0.419437291,0.244835147,0.617412189,0.802287818,-0.167102025,-0.321190867,-0.108215666,0.343416995,0.499964376,0.210295449,0.218467292,2.235182586,1.139987707,0.142095911,-0.024020742,0.151957638,-0.084902056,-0.488932973
IU PDA LNM6 CC1,CC1,0.738968941,-0.368792261,0.89762971,0.919662354,-0.547525625,-0.028566721,0.76716254,-0.621232494,-0.228579583,1.204616335,-0.644131792,0.111949863,0.540067052,0.139959228,0.06819991,0.697666602,0.809747337,0.29651718,0.12421442,-0.13092574,-0.111678232,0.694312483,0.356596302,-0.30753213,-0.209844487,-0.342061249,-0.641473638,-0.452287017,0.542478502
IU PDA LNM6 CC2,CC2,-0.187091475,-0.746770563,0.458615623,0.299472793,-1.251820729,-1.15291858,-0.023027909,-0.891837859,-1.315037965,-0.678396259,-0.068467347,-0.619496103,-0.128967295,0.232544054,0.238473556,-0.551200202,0.944884362,0.562691838,-0.956754554,-1.147508309,-0.623283883,0.874639357,-0.389202803,-0.981025177,-1.177966653,-1.280074601,-1.273344052,-0.658283125,0.900485772
IU PDA LNM6 CC3,CC3,-0.587636065,-1.032293177,-0.124323959,0.090798535,-1.863103655,-1.821778442,-0.473282029,-1.373720988,-1.871599145,-1.214564423,-0.056599451,-1.050346742,-0.421843262,0.124700762,0.01279718,-1.191842867,0.936160877,0.399089493,-1.521483793,-1.711836155,-0.953965555,0.710978454,-0.997132221,-1.525780359,-1.653899633,-1.810347508,-1.642879109,-0.904615667,0.915296203
IU PDA LNM6 CC4,CC4,0.096306051,-0.38684369,0.923493092,0.296133093,-0.467140734,-0.199628171,0.102207286,-0.32548172,-0.45112003,0.019814292,-0.144153517,-0.03635364,0.156661653,0.29775056,0.463688565,-0.061147711,0.682236096,0.296090605,-0.293822537,-0.271376281,-0.18320244,0.745015729,0.099866242,-0.326841021,-0.350245928,-0.497330798,-0.503098533,-0.392752548,0.612605284
IU PDA LNM6 CC5,CC5,0.554405141,-0.617682729,0.660894351,0.891607809,-0.549370746,-0.246732155,0.616700113,-0.205291585,-0.52526732,0.301614432,-0.235150453,-0.271373696,0.291696197,0.220468147,0.285136983,0.090671437,0.901353891,0.503469803,-0.3537301,-0.40211846,-0.074359508,1.123382026,0.03021228,-0.451589056,-0.37359381,-0.588715914,-0.819681707,-0.375795006,0.721040857
IU PDA LNM6 CC7,CC7,0.221698875,-0.024597595,1.098081562,0.678093058,-0.057613801,0.234337195,0.551330294,0.37631697,0.12299023,0.55477991,-0.058894514,0.535554341,0.794427083,0.45609026,0.583725864,0.949857813,0.636101307,0.118025044,0.894586921,0.336109681,-0.006965197,0.948320136,0.44315845,-0.092721744,-0.067260335,0.127464391,-0.318202312,0.398373754,0.323501083
IU PDA LNM6 CC9,CC9,-0.286664159,-0.023901438,2.439499986,-0.53304623,0.464631014,0.958955808,-0.195072513,0.217836541,0.421814246,0.003761892,-0.326869533,0.802382484,0.586080592,0.652517024,1.101362241,0.359384653,-0.053714998,-0.434247631,0.305526484,0.687142989,0.275121798,0.297438331,1.437964889,0.456109118,0.35792817,0.350504863,0.193900379,-0.257132681,0.389595325
IU PDA LNM7 CC1,CC1,0.291501053,-0.437938011,0.414344057,1.009951632,0.243724698,0.605417027,0.59524303,0.334909211,0.137975209,1.495227325,-0.607424746,-0.461408643,-0.085890914,-0.299543234,0.09512457,1.197745835,0.660134681,-0.388236949,-0.046841368,0.718569607,2.288974139,0.261914528,0.970464744,0.077247164,0.226747512,0.279190172,1.286122267,-0.441751702,-0.405593494
IU PDA LNM7 CC2,CC2,-0.637135041,-0.584435342,1.735520635,-0.048603832,-0.27479408,0.109204906,-0.602012389,-0.482743366,-0.399955605,-0.483525536,-0.787458091,-0.235911084,-0.380707909,0.761572958,1.172495143,-0.335410106,0.527511206,-0.089112684,0.38330191,-0.483272877,-0.168377645,-0.332920727,0.866825467,-0.296797809,-0.319340304,-0.327224931,0.05083733,-0.549049335,0.163687572
IU PDA LNM7 CC3,CC3,-0.767985636,-0.250632924,1.370244432,-0.346512078,-0.554504248,-0.315376769,-0.923044222,-0.900883595,-0.723818851,-0.805338705,-0.965453619,-0.19308942,-0.421467717,0.828742354,0.828035444,-0.799138801,0.256761096,-0.437498443,0.298906858,-0.557606362,-0.182502271,0.148887085,0.460314963,-0.361663882,-0.712909661,-0.564693488,-0.358505278,-0.452084216,-0.067942423
IU PDA LNM7 CC4,CC4,-0.226137459,-0.019566002,1.663728478,0.296024961,-0.138715262,0.127252402,-0.283607413,-0.169845414,-0.153333837,-0.090918488,-0.614673965,0.156929264,0.116301848,0.698703043,1.056534615,-0.06458336,0.817697901,0.219555162,0.240767022,0.037177502,-0.08933515,-0.01685773,1.107758354,-0.063970881,-0.110561431,-0.135479537,1.016587368,-0.152286812,0.024228902
IU PDA LNM7 CC5,CC5,-0.206785824,-0.128825646,1.342589173,0.655864056,0.163315825,0.406315523,-0.308973794,0.007255703,0.056695167,0.197959777,-0.650408314,0.030045107,0.318290424,0.478415324,0.693617298,0.687468308,0.758985911,0.409314809,0.637125645,0.179172522,0.14289003,0.720624808,0.827548708,0.030579258,0.018720179,0.272549339,1.088453653,0.008844294,-0.254000173
IU PDA LNM7 CC7,CC7,0.185473511,-0.172676044,0.904494918,0.702397599,0.397207867,0.460298723,0.102907493,0.200100748,0.467237459,0.578246396,-0.370017111,0.311591598,0.610683577,0.187622368,0.515415495,0.548460573,0.366594179,-0.187431221,0.60730176,0.472625554,0.609996833,-0.199626912,0.857000701,0.371551155,0.42882988,0.397369881,0.966795882,0.256908204,-0.103554991
IU PDA LNM7 CC9,CC9,-0.597730398,-0.185307235,2.630157312,-0.636567544,0.500093033,0.983846587,-0.430272002,-0.052663558,0.21425774,-0.128741071,-0.778581937,0.616137024,0.296700049,0.862162397,1.286410186,0.026571978,-0.628490005,-0.560077412,0.376047533,0.462643564,-0.094572585,-0.024228766,2.403059652,0.500331423,0.166943897,0.181811658,0.806813998,-0.169140405,-0.014575222
IU PDA LNM8 CC2,CC2,-0.131115785,-0.195422907,0.598313233,-0.332014337,-0.100556504,-0.176371717,-0.594853363,-0.222775974,-0.236362179,-0.05865471,-0.094673743,0.106263274,0.456181985,0.359047073,0.298593667,0.277191101,0.390290403,-0.476666692,0.409236665,-0.174006806,-0.165301064,-0.078728422,0.027765436,-0.208135841,-0.212320928,-0.286604642,0.132092714,0.521921874,0.687953956
IU PDA LNM8 CC3,CC3,-0.669122229,-0.417240839,-0.00593022,-0.627153317,-0.449472353,-0.72241111,-0.948656906,-0.589300658,-0.583120287,-0.576684555,-0.512210774,-0.499111686,0.146442492,0.216338762,-0.108082557,-0.367637221,0.214187362,-0.762463777,-0.059110008,-0.622139678,-0.24699265,-0.287590203,-0.446562127,-0.554118132,-0.523985472,-0.60940163,-0.057342559,0.039367833,1.188560896
IU PDA LNM8 CC4,CC4,0.241368111,-0.349678565,0.754287401,0.238027335,-0.048638888,-0.093603015,-0.310187881,-0.300817156,-0.322530829,0.33118705,0.231182749,0.300488716,0.703259543,0.544804841,0.791979089,0.941535497,0.878439428,-0.225542766,0.764001436,-0.135793129,-0.170838022,0.251426826,0.196247859,-0.215542923,-0.306305877,-0.36283607,0.216369037,1.036580925,0.450248385
IU PDA LNM8 CC5,CC5,0.100358022,-0.764033728,0.302143487,1.001284462,0.184326472,0.089856885,0.602812316,-0.690824054,0.218568542,0.263998974,-0.601898518,-0.08706429,0.988205331,0.689166702,0.835313918,0.348940845,1.102910693,0.253721116,0.276270938,0.648322154,-0.27524531,-0.307673438,0.469580682,-0.270683544,-0.174535658,-0.141557696,0.190287195,0.683891619,1.091028955
IU PDA LNM8 CC7,CC7,0.685827058,-0.177269006,0.740467952,0.251506523,0.367809207,0.254408419,-0.114821406,0.316271,0.282677345,0.675832788,0.292100885,0.749965945,0.861942615,0.399851144,0.544012845,1.348440802,0.550954785,-0.462510933,1.276773627,0.400061121,0.180999612,0.270826306,0.527327596,0.003318429,0.174237344,0.106717636,0.207012832,1.597020527,-0.029905238
IU PDA LNM8 CC9,CC9,0.094002394,0.094887047,1.743391805,-0.899023937,0.708763013,0.8000597,-0.132848396,0.226578179,0.734314565,0.30654133,-0.110672904,0.690836818,0.680671552,0.269247967,0.711798142,0.600977701,-0.660219438,-0.719131796,0.645329888,0.938358961,0.291833747,-0.175576001,0.970441591,0.617536815,0.644515753,0.579736036,0.429387265,0.297870785,0.152929684
IU PDA NP10 CC10,CC10,-0.135761995,-0.330978854,-0.256905356,-1.491702221,-0.051146391,0.037764226,-0.537757635,-0.2689124,0.139016933,-0.211258138,-0.579540018,-0.449638742,-0.595542175,-1.120463504,-0.562125602,-0.406605295,-2.089093373,-1.085818902,-0.153876228,0.03224791,-0.299205485,-0.960177061,-0.349446403,0.128333816,0.089586483,0.146318731,-0.0584419,-0.822287383,-0.260738443
IU PDA NP10 CC2,CC2,0.123222784,0.26002218,0.102437365,-1.157330883,0.667855198,0.643510359,-0.066782189,0.183361575,0.888183163,0.235412342,0.053082753,0.241249132,0.013891612,-1.427964067,-0.519647401,0.24869838,-1.451526743,-0.87651017,0.327550596,0.733986697,0.095654469,-0.830404381,0.171989742,0.664547401,0.769646961,0.872941821,0.572971063,-0.471918432,0.095732302
IU PDA NP10 CC3,CC3,-0.085051921,-0.041437841,-0.081661865,-1.463725249,0.31225722,0.20848525,-0.29997046,-0.10590436,0.540955749,-0.241034526,-0.263423357,-0.052324732,-0.444189638,-0.960304834,-0.674794203,-0.097982964,-1.716074421,-0.901148171,-0.218740746,0.410490388,-0.06251194,-0.970180381,-0.060328435,0.258465115,0.438521814,0.602587456,0.34894372,-0.593561135,-0.134343245
IU PDA NP10 CC4,CC4,-0.566089145,-0.17591066,-0.020252756,-0.93865414,0.471632147,0.379777565,-0.271826792,0.734879966,0.723904796,-0.185866444,-0.403270392,-0.036765315,-0.499282864,-1.274201152,-0.672495089,-0.034684204,-1.90664585,-0.25022857,0.859353103,0.46092076,-0.378384552,-1.194207695,-0.002907116,0.317608902,0.49303196,0.67776157,0.212912354,-0.64358527,-0.248977574
IU PDA NP10 CC7,CC7,0.277624206,0.082763327,0.127162926,-0.678030737,0.785885236,0.792506765,0.035686261,0.317671478,0.98019243,0.522875085,-0.128900107,0.152534532,0.438056714,-1.384042233,-0.631098416,0.441229484,-1.315166108,-0.708095093,0.559747119,0.961547958,0.179990145,-1.016952479,0.229903279,0.676187977,0.824174636,0.881309354,0.475909589,-0.369504172,0.101290255
IU PDA NP11 CC10,CC10,-0.133723146,-0.671151739,-0.511541897,-0.8687836,-0.522596294,-0.397788146,-0.817156651,-0.526015321,-0.315391846,-0.211327919,-0.903370263,-0.794547607,-0.324901245,-0.492273534,-0.63385956,-0.66047,-1.597999776,-0.916864401,-0.788624878,-0.482999959,-0.825466702,-0.178624765,-0.656471876,-0.335717395,-0.421900152,-0.339174084,-0.299450264,-0.970615216,-0.625684076
IU PDA NP11 CC2,CC2,-0.981090419,-0.292965168,-0.695582051,-0.930310283,-0.576256072,-0.778997598,-1.104725936,-0.772980307,-0.635980205,-1.251086314,-0.261715841,-1.109262737,-0.396728652,-0.051472239,0.266225263,-0.963410586,-0.734484033,-0.707285764,-0.658584636,-0.826213873,-1.267708508,-0.436883872,-0.836882674,-0.769736344,-0.799512006,-0.494692642,-0.288959364,-0.390244924,-0.775693786
IU PDA NP11 CC3,CC3,-0.590743794,-0.855063753,-0.727107352,-1.97814218,-0.594176779,-0.92039607,-1.375716981,-0.653411241,-0.836295908,-1.173100049,0.654585496,-1.336124554,0.264496291,0.06292268,0.423043072,-1.129925441,-1.577396261,-0.499184113,-1.328400281,-1.086537234,-1.458610384,-0.959921221,-0.997264719,-0.953284154,-1.020221293,-0.863961021,-0.932942913,-0.862927474,-1.302400348
IU PDA NP11 CC4,CC4,-1.087766084,-0.517017371,-0.216290341,1.192985744,0.059118467,0.315311895,-0.570442103,-0.300281487,0.327889809,0.407603406,-0.737558485,-0.356235576,1.042942113,-0.6558278,-0.709313031,0.616018227,0.973714969,0.045247953,1.151190099,0.069190725,-0.77463246,0.101392552,-0.264435853,-0.028845199,0.070007563,0.855730753,-0.155244735,-0.22221507,-0.634964632
IU PDA NP11 CC7,CC7,0.049695908,0.407457391,-0.136805898,0.699344888,0.602417212,0.16608266,0.045846827,0.121425367,0.457258683,1.042929679,-0.16974578,0.231231084,1.549671489,-0.620298403,-0.689140291,0.493052446,-0.171477394,-0.346202477,-0.174142929,0.235759353,-0.446365937,-0.159736199,0.096922604,0.139756398,0.279610009,0.76595486,-0.005211687,-0.428988995,-0.117409796
IU PDA NP2 CC10,CC10,-0.472139976,-0.646497945,-0.581260568,-1.28235556,-0.685824106,-0.575554685,-0.953843544,-0.679861476,-0.477675616,-0.59917802,-0.460236487,-0.831284586,-0.398795755,-0.586459362,-0.637778859,-0.58372332,-1.993529974,-1.059404681,-0.735258055,-0.603768358,-0.759148323,-0.150537255,-0.742938988,-0.377865873,-0.56299923,-0.492345382,-0.408116303,-1.064174017,-0.768023296
IU PDA NP2 CC2,CC2,-0.345057292,0.287512591,-0.321778025,-1.186468168,0.769269031,-0.314887135,-0.771172626,0.240222216,0.019390429,-0.828223727,-0.191974839,-0.580658592,0.493965443,0.424741074,-0.720485104,-0.642644571,-1.489987522,-1.064729332,-0.844780694,0.43654676,-0.471856976,-0.797105265,0.186598694,-0.143139292,-0.037108687,-0.029136306,-0.353629313,-0.042007355,-0.105849071
IU PDA NP2 CC3,CC3,-0.750650853,-0.74155204,-0.406549003,-0.922027903,-0.447267774,-0.501413138,0.27051577,0.816128454,-0.180370443,-1.014250787,-0.922004584,-0.728981602,-1.03811395,-0.143238527,-0.735356115,-0.802694693,-0.142661504,-0.654690513,-1.456023337,-0.297319846,-0.413693741,1.691537323,-0.59049528,-0.256179512,-0.145914504,-0.214032207,0.877849579,-0.01341881,1.340786792
IU PDA NP2 CC4,CC4,1.202240989,-1.436446549,-0.81312694,0.032038722,-0.250094725,0.825613438,-1.490423554,-1.24093888,-0.88139065,-0.7839741,0.87400393,-1.337472787,0.35757203,0.606853978,-0.827471241,-0.210285489,-1.380082337,-0.123227852,1.027403579,-1.080843211,-1.427222499,1.158332505,-1.114624057,-0.961487385,-0.989478616,-0.926652919,-1.235428921,1.395122226,3.831947685
IU PDA T1 CC1,CC1,0.342966645,0.127891692,0.076125594,0.79612688,0.648439478,0.595935615,0.565566256,0.255890015,0.783016134,0.48078418,-0.063393897,0.330483977,0.035954327,-0.365383934,-0.28512357,0.439551705,0.186016221,0.1717298,0.248464831,0.639975388,0.172313059,-0.222427191,0.250219332,0.509843903,0.683201089,0.754863018,0.425323751,0.119446282,-0.009434865
IU PDA T1 CC2,CC2,-0.33949577,0.404189449,-0.318311326,0.654658452,-0.025387279,-0.04342261,0.325426082,0.020255816,0.008238109,-0.074009584,-0.078484046,-0.178204952,-0.302954054,0.287511359,0.222898009,-0.182261889,0.218984962,0.240499911,-0.578865372,-0.098216145,-0.381611424,0.219304235,-0.246573889,-0.149089064,-0.056996298,-0.029588212,0.265041565,-0.177616125,-0.523106421
IU PDA T1 CC3,CC3,-0.418872096,0.363875517,-0.24269319,0.292544625,0.070975036,0.261450549,-0.155526859,-0.151820252,0.235391634,0.135405398,-0.218142025,-0.243393459,0.113036379,0.221107255,-0.078823361,-0.242364415,-0.250261332,-0.136165169,-0.219085617,0.351584881,-0.276292975,0.536758118,-0.204260526,0.242577724,0.135583414,0.288480163,0.210093161,-0.538200633,-0.317177593
IU PDA T1 CC4,CC4,-0.090842598,0.357266021,-0.219747313,0.743048116,0.173051892,0.140952355,0.329097577,0.047828775,0.200601613,0.380273446,-0.297790171,-0.013361664,-0.09992179,0.080200585,0.057420208,-0.027234702,0.229030436,0.382528596,-0.30905893,0.089318756,-0.196432943,0.205279453,-0.123642234,0.022377765,0.140192775,0.225136459,0.243063121,-0.018085289,-0.332678401
IU PDA T1 CC5,CC5,0.114087856,0.141023448,-0.086583154,0.819047609,0.363126244,0.326145821,0.604996296,0.120971321,0.431509671,0.455579772,-0.143100366,0.147352737,-0.197198532,-0.010041785,-0.133115449,0.102131807,0.29792668,0.38437679,-0.094158337,0.290903356,0.015258235,0.083097124,0.062462843,0.244514625,0.340041888,0.399111451,0.290699906,0.158997459,-0.274721997
IU PDA T1 CC7,CC7,0.338126297,0.136236352,0.175420967,0.545515803,0.791993948,0.677180228,0.503911622,0.346341069,0.887953382,0.586206763,0.014973748,0.414044048,0.195449189,-0.422854411,-0.249005323,0.72634152,-0.022940569,-0.162116595,0.323353226,0.745555296,0.224078247,-0.320986203,0.366616747,0.553556977,0.784805057,0.857861658,0.556934524,0.192883641,0.020686263
IU PDA T1 CC9,CC9,0.445248592,0.151353723,0.385304977,0.171969783,0.924520302,1.232162456,0.296257351,0.281031406,1.130921999,0.725055622,-0.06139658,0.217937418,0.76638372,-0.395431585,-0.050820628,0.966599525,-0.125282172,-0.443908779,0.115304651,1.135842892,0.268470285,-1.001200896,0.218416018,0.669177025,0.908947636,1.08682438,0.549830491,-0.446536649,0.095610195
IU PDA T10 CC1,CC1,0.473099452,0.274816489,0.183495503,0.403660112,0.884316125,0.771826776,0.35244336,0.785673841,0.993222903,0.49872723,0.22695406,0.456762047,0.245511342,-0.19378549,-0.246838183,0.506533722,0.123323944,-0.088443454,0.44775256,0.933866989,0.407524141,-0.444316911,0.340680841,0.725810412,0.888340638,0.943484023,0.572139082,-0.000274612,0.168324363
IU PDA T10 CC2,CC2,0.635673445,0.293441486,-0.06365766,-0.267465466,0.593127162,0.482853031,-0.068334496,0.972360134,0.646497789,0.346561426,0.546772622,0.369542572,0.3793409,0.591173614,0.077203931,0.258672039,-0.202533287,-0.294983122,0.316319737,0.673499806,0.177946459,-0.239841334,0.244543585,0.362495232,0.458037974,0.507088722,0.21061515,0.182296082,0.191086569
IU PDA T10 CC3,CC3,0.36614596,0.101425976,-0.305572794,-0.457401604,0.17099502,0.060393015,-0.384258425,0.852763407,0.191479553,-0.077076304,0.661792295,0.009188146,0.55328633,0.870437871,0.159663096,-0.170749111,-0.275631557,-0.342970756,0.074149275,0.218571545,-0.0168794,-0.132138856,-0.047452416,-0.001488573,-0.007381914,0.011919972,-0.144400645,-0.107043166,0.211992348
IU PDA T10 CC4,CC4,0.581981571,0.262821001,0.045837278,-0.028363993,0.751947908,0.640868659,0.143581189,0.986902102,0.849705332,0.448753604,0.374850189,0.472115675,0.390010098,0.385277544,-0.045046412,0.433517734,-0.094859922,-0.229471917,0.424567828,0.828248425,0.274047814,-0.323994618,0.368994353,0.569205156,0.663238621,0.733090059,0.401405708,0.186667595,0.260796432
IU PDA T10 CC5,CC5,0.509266619,0.241913794,0.102302399,0.230501208,0.831887346,0.686543314,0.28901727,0.8341702,0.927151854,0.437827191,0.352229163,0.467078445,0.289439397,0.127600247,-0.121100808,0.446621644,0.116160944,-0.100331227,0.466720879,0.817711301,0.334942464,-0.358917147,0.386177722,0.655754121,0.77899668,0.869387227,0.464334405,0.027372519,0.161612527
IU PDA T10 CC7,CC7,0.535785205,0.123725194,0.112042919,0.038127396,0.881337741,0.644197165,0.234062885,1.038673615,0.894994516,0.799091045,0.18110689,0.484713759,0.362944085,0.262123249,-0.093754537,0.535390197,-0.212443349,-0.379597827,0.489922836,0.875808312,0.423087704,-0.254545898,0.52685421,0.62832882,0.670764859,0.765044028,0.457800783,0.357794032,0.146350841
IU PDA T10 CC9,CC9,0.410335161,0.330706932,0.19463367,-0.528845716,1.117997759,0.755200292,0.124932543,0.812244518,1.045500031,0.610025799,0.059040936,0.526731875,0.283282983,-0.002230551,-0.151125355,0.52404501,-0.781051957,-0.555577704,0.564342086,1.103380256,0.403300321,-0.719191982,0.742216514,0.722300224,0.860617249,0.941392995,0.53803195,0.023951653,0.174720259
IU PDA T11 CC1,CC1,0.326787799,0.059890622,-0.005969543,0.982951073,0.455582257,0.440794706,0.272936497,0.062470207,0.574357275,0.339351754,-0.06050847,0.167071256,-0.076142711,-0.458736001,-0.361093737,0.149900796,0.358823965,0.744693701,-0.04408279,0.501346943,0.400922501,-0.159623758,0.051060188,0.4427159,0.616646139,0.563704872,0.30330972,-0.005421754,-0.02043615
IU PDA T11 CC2,CC2,0.044834783,-0.251562646,-0.662873641,0.947799049,-0.638971061,-0.57038166,-0.319251489,-0.867393784,-0.71578163,-0.344723837,-0.306170863,-0.745421278,-0.533149744,0.242542444,-0.191455886,-0.912078611,0.838842315,1.264655798,-1.102791937,-0.738694888,-0.366569647,0.067320969,-0.751989467,-0.635139874,-0.552925142,-0.471094932,-0.464600232,-0.268255021,-0.052713222
IU PDA T11 CC3,CC3,-0.478834518,-0.091949568,-0.790347362,0.646043812,-1.087325264,-0.745007233,-0.856492117,-1.051892933,-0.994580695,-0.920208379,-0.387322553,-0.93006445,-0.564036264,0.361866514,-0.274628607,-1.267953402,0.667734731,1.033538777,-1.573878093,-0.992937899,-0.676924129,0.058364249,-1.007450267,-0.858684054,-0.797993478,-0.781274423,-0.541388272,-0.660977665,-0.326785857
IU PDA T11 CC4,CC4,0.174494545,-0.081502652,-0.469586373,1.120252019,-0.38675607,-0.260826755,-0.080798808,-0.548658017,-0.314127887,-0.031467581,-0.235677585,-0.367696892,-0.336127609,0.216165682,-0.128520213,-0.492316792,0.826099618,1.234565536,-0.782800086,-0.361923003,-0.088274965,0.279794083,-0.485677724,-0.259117566,-0.183149195,-0.19441076,-0.198672346,0.001469592,-0.227930482
IU PDA T11 CC5,CC5,0.190475362,-0.106973789,-0.26336189,1.064010591,-0.010677075,-0.015977859,0.147605381,-0.263672898,0.058805616,0.244392444,-0.22551377,-0.131652849,-0.263280403,-0.050836971,-0.259114607,-0.23348423,0.716658827,0.954214069,-0.49422409,-0.000229434,0.047511962,0.162356784,-0.228658723,0.003082724,0.160478692,0.143939592,0.003702253,-0.038568509,-0.161339192
IU PDA T11 CC7,CC7,0.27558138,-0.522263388,-0.274056948,0.705139165,0.712263154,-0.15571227,0.258235712,0.43001314,0.113388733,0.415450862,-0.286612395,0.170049197,-0.180204989,0.531054538,0.473459197,0.448512994,0.538312808,0.541102488,0.049743245,0.039129363,0.096123843,0.252424202,-0.093757092,-0.014394231,0.11538744,0.098341615,-0.263435706,1.349315025,0.014440146
IU PDA T12 CC1,CC1,0.768039475,-0.568639389,-0.581127427,1.676110875,-0.426262826,-0.655512524,1.207653245,-0.461398247,-1.026660035,0.674593655,-0.299527809,-0.368753989,-0.241866091,-0.083078767,0.409257571,-0.141468967,0.762876617,1.191062226,0.212552612,-0.893523884,0.202694805,0.72986664,-0.461982762,-0.726548074,-0.784668342,-0.826236838,-0.296029161,1.043466298,-0.912368114
IU PDA T12 CC2,CC2,-0.074841035,-0.01178521,-1.256798645,1.071887685,-1.571562642,-1.59760589,0.190919514,-1.190343304,-2.129164585,-0.819267503,0.014848791,-1.320457893,-1.024992059,-0.022620201,0.511275896,-1.303079722,0.95546257,1.452258664,-0.538633215,-1.962308769,-0.623564968,0.325904786,-1.39604383,-1.65402916,-1.840834911,-1.859859463,-1.028140948,0.243840121,-1.33684925
IU PDA T12 CC3,CC3,-0.221907977,-0.07411479,-1.336684248,0.680435041,-2.016640104,-1.594043859,-0.596814221,-1.535467884,-2.358078112,-1.002966884,0.073809002,-1.709392176,-1.064998066,-0.143111317,0.477744176,-1.687071651,0.739505088,1.114303436,-0.886450495,-2.107578705,-0.943943984,0.054890711,-1.655972664,-1.732917098,-1.99057234,-2.035468952,-1.17191334,-0.287213191,-1.679525902
IU PDA T12 CC4,CC4,0.310069101,-0.25888999,-1.16999518,1.400866589,-1.398552896,-1.36780621,0.791285622,-0.892920986,-2.050828497,-0.557844754,0.199274679,-0.981501177,-0.831581736,0.068535233,0.644787364,-0.994927992,1.135338947,1.618151503,-0.207944361,-1.870808054,-0.476342678,0.55938821,-1.174818637,-1.603699521,-1.705455991,-1.754406581,-0.607867907,0.696544656,-1.308673885
IU PDA T12 CC5,CC5,0.706247293,-0.508577208,-0.943659412,1.599594928,-1.016201114,-1.183265979,1.130887549,-0.655023931,-1.752086746,0.131113972,-0.044266956,-0.586504899,-0.567391449,-0.009081873,0.649867064,-0.570572308,0.998861074,1.533402503,0.162672624,-1.595423549,-0.098776742,0.638368651,-0.936197535,-1.338098442,-1.462937144,-1.505075149,-0.401488437,1.096670397,-1.2133461
IU PDA T12 CC7,CC7,1.071564467,-0.544989587,-0.501776313,1.450917951,-0.240424811,-0.505074773,0.88447115,-0.256701341,-0.812655203,1.640942645,-0.588876964,-0.18746017,0.29291446,0.02890121,0.293149915,0.087571248,0.306972227,0.531370155,0.295650286,-0.626595123,0.422043144,0.702019653,-0.099266124,-0.542302775,-0.67376895,-0.662665685,-0.485092869,1.306870132,-0.926592548
IU PDA T12 CC9,CC9,0.184727612,-1.616344376,0.517846427,1.355032611,1.290860986,0.631588886,0.311981029,-0.380528668,1.234472698,1.084424937,-1.720155691,1.358226643,-0.805936751,1.189118987,0.924956827,-0.549069544,-0.954194472,0.904157352,2.052505966,1.283008772,-0.680786147,1.310028202,3.566168134,3.398816694,1.511225981,0.675207092,0.790527665,1.258283839,0.822236647
IU PDA T2 CC1,CC1,0.149852666,0.018261484,-0.019772892,0.973191422,0.40038018,0.164643647,0.705869893,0.02626836,0.419651395,0.311921175,0.024337958,0.207804045,0.110633112,-0.175455789,-0.042616132,0.446268784,0.349481651,0.256300858,0.057769739,0.340229609,0.200287802,0.527536243,0.065653869,0.388325271,0.408151883,0.427717263,0.127171617,0.225277472,0.058368252
IU PDA T2 CC10,CC10,0.033596766,-0.232675715,-0.0782906,0.359258754,0.245610749,0.170282972,-0.410856143,-0.118026291,0.483425274,-0.381241809,0.548489139,-0.199975164,-0.551033015,-0.648572067,-0.668011931,-0.180263863,-0.032732583,-0.374606959,0.272642556,0.352349747,0.037500994,1.331458541,-0.13490686,0.278110459,0.46712069,0.444394146,0.097464589,-0.728134512,1.719298522
IU PDA T2 CC2,CC2,-0.136884567,-0.260837615,-0.363175166,0.547597227,-0.213552498,-0.259217532,0.226752079,-0.293493359,-0.141345932,-0.343373683,-0.363043854,-0.24452896,-0.21711141,0.103448023,-0.482964727,-0.203973157,0.444941271,0.568088062,-0.814204034,-0.180684662,-0.080378123,0.786074067,-0.216133011,-0.177907325,-0.095228598,-0.086298267,-0.218990284,-0.120526714,2.40E-05
IU PDA T2 CC3,CC3,-0.316507407,-0.446623036,-0.43795771,0.376727985,-0.44650731,-0.39248695,0.050110001,-0.474996156,-0.322065079,-0.572020525,-0.571501546,-0.511417426,-0.425751558,0.151877427,-0.591130929,-0.594961676,0.361218778,0.587370427,-1.084315218,-0.384535305,-0.277500685,0.746755968,-0.315084039,-0.335184532,-0.266750019,-0.288646857,-0.147595363,-0.241835616,-0.16308171
IU PDA T2 CC4,CC4,0.078994537,-0.071251383,-0.130121736,0.539004601,0.219964217,0.138151046,0.398457037,-0.027793201,0.319333058,-0.003605368,-0.193548556,0.060157998,-0.069507036,-0.114047654,-0.433134075,0.075314086,0.383830915,0.403385694,-0.350795276,0.247575503,0.177939934,0.572336366,-0.006676174,0.188788442,0.344809942,0.324640312,0.113399675,-0.041141532,0.067048373
IU PDA T2 CC5,CC5,0.122811718,-0.106491442,-0.117016499,0.794609645,0.20060632,0.158990986,0.514496205,-0.02425954,0.298079947,0.089666091,-0.200083042,0.090180757,0.0186096,-0.143758677,-0.286243696,0.096445992,0.427589594,0.475273963,-0.238585388,0.229175674,0.150243853,0.599526795,0.036691685,0.18027732,0.309629952,0.309005255,0.135705807,-0.007144296,-0.00736784
IU PDA T2 CC7,CC7,0.46878389,0.053656797,0.091240403,0.71564932,0.580987878,0.498883493,0.408541446,0.395025552,0.664891926,0.570865666,-0.161594325,0.311676695,0.564210251,-0.221051475,0.139215605,0.466444711,0.027316351,-0.017478637,0.55707424,0.600451798,0.412957601,-0.043255286,0.541219388,0.484182437,0.616006381,0.647169225,0.386275533,0.32223761,-0.02997519
IU PDA T2 CC9,CC9,0.110464248,0.000794066,0.515519402,0.227723617,1.056785762,0.426473768,0.308664699,0.826880873,0.899912534,0.165111066,-0.194149006,0.207991195,0.435829602,-0.544184487,0.241843784,0.294204853,-0.424157999,0.078144928,0.381081962,0.884937265,0.327049281,-0.793470721,0.33720727,0.516743951,0.740777628,0.7989759,0.350164052,-0.114049953,-0.125681758
IU PDA T3 CC1,CC1,0.117124001,0.162972941,0.03043619,1.4286492,0.432856068,0.426432098,0.506504438,0.087600871,0.303458847,0.221346645,-0.066997986,0.404582932,0.592927984,0.239275099,0.386198075,0.717400323,0.53819264,0.37470533,0.512759763,0.199250467,0.102810407,0.667699945,0.31521521,0.176906737,0.328538078,0.52241603,0.794543477,0.325531762,-0.119204247
IU PDA T3 CC2,CC2,0.105309494,-0.00729834,-0.410239325,0.836038264,-0.287523712,0.020460181,-0.21554821,-0.313388315,-0.264507354,-0.117726594,0.126159366,-0.043154732,0.142032173,0.364336964,6.57E-05,-0.161400714,0.721026361,0.424688863,-0.107529797,-0.392558917,-0.24332548,0.587030138,-0.42041206,-0.333208418,-0.189387784,-0.209755381,-0.171924815,-0.075766849,0.612766399
IU PDA T3 CC3,CC3,-0.102278006,0.087578622,-0.46165733,0.450828096,-0.333458072,-0.155887119,-0.402207208,-0.276743123,-0.363183176,-0.262487706,-0.123579419,-0.269564991,0.103719669,0.396934914,0.134640175,-0.440495331,0.489426543,0.10483955,-0.593250875,-0.446479514,-0.414466239,0.472137375,-0.526349308,-0.413230248,-0.34485492,-0.127426712,-0.287133461,-0.392296781,0.701370692
IU PDA T3 CC4,CC4,0.189945808,0.145060366,-0.306597814,1.155149672,-0.002225627,0.128285441,0.067733146,-0.191370779,-0.14304486,0.062553683,0.074773017,0.29224938,0.294682696,0.388008475,0.229324616,0.154864656,0.836401514,0.650580599,0.111273403,-0.263892792,-0.145784987,0.789406047,-0.206641072,-0.278693111,-0.097902876,0.024989942,0.14238923,0.267020349,0.276610057
IU PDA T3 CC5,CC5,0.156900039,0.064711708,-0.18582142,1.412507073,0.141115348,0.161822147,0.339193032,-0.133812144,-0.024725818,0.113369524,-0.024264994,0.27977242,0.319550354,0.404233466,0.258472321,0.395558976,0.808776725,0.730898577,0.329272142,-0.141421594,-0.113634673,0.908746355,0.048229426,-0.128001227,-0.028707222,0.17240251,0.249162892,0.330605168,0.051611298
IU PDA T3 CC7,CC7,0.145209472,-0.010593276,0.246724945,0.807617484,0.439638945,0.341503499,0.644742269,0.129886956,0.465111773,0.471871182,-0.271218433,0.415690515,0.734769205,-0.035130043,-0.011609816,0.689126321,-0.040219378,-0.207463744,0.507282283,0.375705941,0.123632691,0.230878711,0.297416633,0.263789357,0.401036467,0.490234783,0.349103463,0.477402631,-0.215584942
IU PDA T3 CC9,CC9,0.091402333,0.213635457,1.100614803,0.30040998,0.757475911,0.891663045,0.110372966,0.413063842,0.709028645,0.562769493,-0.28844375,0.641803529,0.768703055,0.241411941,0.394793091,0.691283086,-0.338336045,-0.300292294,0.565791957,0.733488366,0.089426292,-0.038555464,1.520995223,0.575806213,0.534694083,0.612709199,0.592612218,0.128214594,-0.002016704
IU PDA T4 CC1,CC1,0.257965651,0.164647641,-0.224817763,1.18904315,0.211603683,0.228246512,0.5106112,0.094110453,0.184494933,-0.089664717,-0.150703143,0.225054784,0.046487446,0.004096282,0.111064386,0.196160745,0.551944242,0.906296714,-0.261251899,0.218316642,0.356930408,0.59740623,-0.099623375,0.144471201,0.288688024,0.173419979,0.174151543,0.34520248,0.454511302
IU PDA T4 CC2,CC2,-0.438768676,0.465291545,-0.258049701,0.27068653,-0.023540475,0.287585413,0.189025093,0.080743441,0.0611552,-0.428987314,-0.186649124,0.019282039,0.050819238,0.093417585,-0.060669129,-0.102502521,0.425067379,0.304492034,-0.467284968,0.095564365,0.32617987,0.64801257,-0.320445122,0.018467449,0.16234841,0.002876557,-0.056794771,-0.103905757,0.85716996
IU PDA T4 CC3,CC3,-1.054398967,0.189062544,-0.585013971,0.193288987,-0.758579442,-0.102359548,0.24406519,-0.451180424,-0.68628189,-1.222581968,-0.323822842,-0.589577889,-0.32246686,0.265164983,-0.304035279,-0.828305952,0.52690478,0.319032159,-1.201004752,-0.623445331,0.109985083,1.042714881,-0.879378718,-0.568432538,-0.518283286,-0.73468703,-0.720390063,-0.295438094,0.869089983
IU PDA T4 CC4,CC4,-0.155927792,0.391996939,-0.123615177,0.311023263,0.294892391,0.435282114,0.192377887,0.238293152,0.35439932,-0.101698834,-0.112639388,0.189208705,0.094785953,-0.057699317,0.145767567,0.11803483,0.385304696,0.351101909,-0.124177845,0.372214792,0.492372584,0.408085707,-0.10657447,0.247647317,0.441872905,0.286342043,0.27068032,-0.012742028,0.766360597
IU PDA T4 CC5,CC5,0.171481906,0.351827023,-0.152993143,0.663983508,0.236476901,0.297141343,0.279991976,0.191357444,0.276271841,0.181564316,-0.170892685,0.223734891,0.097452715,-0.009418986,0.232720557,0.154887197,0.472420523,0.502117399,0.031846239,0.330038916,0.496373909,0.448282625,-0.044078377,0.231439952,0.369859036,0.283366354,0.375227071,0.193241791,0.5483122
IU PDA T4 CC7,CC7,0.466413587,0.239775346,-0.213342439,0.432403407,0.199392999,0.445454563,0.23537396,0.216149317,0.039002984,0.716565176,-0.078063938,0.556982214,0.360441189,0.140884219,0.501561492,0.665074003,0.381240974,0.343813082,0.156059366,0.093321043,0.449290161,0.56971325,-0.014624015,0.129483945,0.211680629,0.17943488,0.467564723,1.418371781,0.436232287
IU PDA T6 CC1,CC1,1.085603932,-0.11495422,-0.484109187,1.719702443,-0.394038657,-0.508332215,0.972260748,-0.469781915,-0.357552328,0.414130199,1.349664276,-0.013183183,0.202637544,0.074665638,-0.223486133,0.374452741,0.738092606,2.527772168,0.627713256,-0.452929192,0.015638008,0.912840362,-0.650391838,-0.333531538,-0.217024109,-0.441502648,-0.624699914,-0.041742242,-0.212616516
IU PDA T6 CC2,CC2,0.178192506,0.280967117,-0.69356965,0.792628881,-0.839041104,-0.99125172,-0.259289358,-0.346753216,-0.80465165,-0.680709328,1.056331619,-0.667308493,-0.499598579,0.193896818,-0.374709206,-0.563569937,0.672683935,1.788939648,-0.437576488,-0.78114889,-0.317933368,0.432316061,-0.931917757,-0.636695513,-0.629995978,-0.785854088,-0.71253925,-0.457615647,0.229270146
IU PDA T6 CC3,CC3,-0.020036886,0.2104342,-1.00394806,0.751088756,-1.40877406,-1.613065357,-0.598518631,-0.63326399,-1.422930887,-0.961978028,1.256875616,-1.038058777,-0.762416872,0.333060507,-0.467840989,-1.02518773,0.769024225,1.760974406,-0.68945442,-1.387944143,-0.697962358,0.368117843,-1.36057362,-1.14221272,-1.205525967,-1.369488431,-1.213931362,-0.603119678,0.270414278
IU PDA T6 CC4,CC4,0.457110453,0.166139796,-0.351589789,0.79261391,-0.21386308,-0.284428264,0.074712096,-0.143913748,-0.123231329,-0.333319135,0.967189079,-0.215522537,-0.026013929,-0.230837098,-0.470568856,-0.010401639,0.531183276,1.715756358,0.012147839,-0.131411417,0.136771177,0.418769029,-0.481698327,-0.095186354,0.00515487,-0.126612301,-0.275155951,-0.260240197,0.088772448
IU PDA T6 CC5,CC5,0.781174465,0.053643513,-0.416100932,1.294562193,-0.303266838,-0.42079734,0.392152817,-0.430901004,-0.226697593,0.056878352,0.927493542,-0.159931203,0.164052088,-0.067475821,-0.318282691,0.08749721,0.713027412,2.189963332,0.328912672,-0.264066861,0.109565454,0.629597701,-0.576651266,-0.190054485,-0.104727398,-0.260838373,-0.433640115,0.066045417,0.042172535
IU PDA T6 CC7,CC7,0.479643857,0.73085583,-1.617779561,0.99052997,-1.130241468,-2.250695469,-0.86620776,-0.992226315,-2.085171147,0.67170695,1.061123402,-0.298634097,-0.497787259,1.245210667,1.516699729,1.458420582,0.460946876,1.552836478,0.856973454,-2.668159035,-1.000258489,1.275736619,-0.964138512,-1.183183244,-1.739454376,-2.142231895,-0.956473378,1.634811181,-0.845492194
IU PDA T8 CC1,CC1,0.475186476,0.23858367,0.185758054,0.296347016,0.795477111,0.597780712,0.172923225,0.697725685,0.884602227,0.950581917,-0.082822419,0.394723027,0.175672602,-0.696513261,-0.46903908,0.284910187,0.153784566,-0.060062168,0.085753331,0.763723382,0.418511483,-0.59417643,0.275565537,0.635371775,0.877318527,0.843938984,0.48328657,0.073047414,0.101551861
IU PDA T8 CC2,CC2,0.221202621,0.07991703,-0.102913608,-0.065752072,0.257183095,0.176958864,-0.104977178,0.08904519,0.336145004,0.172589037,0.300051908,0.236663741,0.161599098,-0.209577059,-0.441936532,0.100671553,-0.053805681,0.052945697,-0.005869215,0.276505933,0.282980289,0.073773662,-0.12623488,0.225943152,0.351914154,0.305238613,0.237852989,0.310605498,0.382854923
IU PDA T8 CC3,CC3,-0.200575701,-0.123049718,-0.315109962,-0.374221643,-0.13026773,-0.257353329,-0.484179101,-0.212907826,-0.08867383,-0.27453682,0.169899576,-0.242348591,0.075687708,-0.132007937,-0.4642664,-0.339624513,-0.164257332,-0.053570711,-0.376117033,-0.156393116,-0.017095393,0.108603403,-0.436043147,-0.13155949,-0.02884055,-0.066951634,0.051144425,-0.039052656,0.608179694
IU PDA T8 CC4,CC4,0.317920045,0.111889901,0.043811298,0.151714462,0.512232277,0.398967394,0.140507234,0.221091955,0.58695452,0.443785453,0.213920417,0.357078507,0.156277327,-0.232054329,-0.376197671,0.234734769,0.028935307,0.01587856,0.13848903,0.500415016,0.31445967,0.018426761,0.063233284,0.40425983,0.58439679,0.557119734,0.406644262,0.34829762,0.246662578
IU PDA T8 CC5,CC5,0.405110773,0.171113353,0.123697998,0.274177301,0.762112114,0.630801645,0.191134527,0.27946602,0.858324998,0.585324088,0.116973456,0.391436611,0.20135766,-0.388917788,-0.463327256,0.414318748,0.09398695,-0.144092812,0.145552272,0.743294469,0.441020878,-0.175193793,0.196741045,0.605859183,0.809805864,0.807135668,0.551725023,0.144222041,0.189062246
IU PDA T8 CC7,CC7,0.477880957,0.167036725,0.206415571,0.003135988,0.767069859,0.719695444,-0.025826923,0.583355621,0.80870051,0.742694023,0.121719211,0.501536615,0.083033251,-0.249996253,-0.331205735,0.460162393,-0.383867039,-0.23881252,0.214425023,0.783598963,0.346942204,-0.212559986,0.402692572,0.555995088,0.759181908,0.881584532,0.442362903,0.47889027,0.285535283
IU PDA T8 CC9,CC9,0.039507156,0.077927924,0.311174373,-0.185282027,0.874653167,0.691143285,0.05424835,0.274689237,0.766356875,0.199836306,-0.017886589,0.229546775,0.008350246,-0.190546217,-0.478865083,0.357368666,-0.529645027,-0.337621827,0.290623592,0.726442447,0.57167542,-0.463037955,0.502981563,0.533610373,0.76027464,0.734097456,0.521014274,-0.022324586,0.074052724
IU PDA T9 CC1,CC1,0.303053696,-0.008609536,-0.163090157,1.458174245,0.348412341,0.224743907,0.53276375,0.282549806,0.394613353,0.578394045,-0.289734857,0.021070667,0.329865155,-0.139503266,-0.055133148,0.546332437,0.524947352,0.527828884,0.518774205,0.328218401,0.041781467,0.32129068,0.189770327,0.229200808,0.323776312,0.350744606,0.221548193,0.080734658,-0.033205101
IU PDA T9 CC2,CC2,-0.36575717,-0.338045475,-0.707768325,1.015967882,-0.68251391,-0.530583667,0.21679314,-0.345038078,-0.694566151,-0.883057232,-0.211985277,-0.379530383,-0.1065242,0.132929369,-0.173955262,-0.898298567,0.826264503,0.622378314,-0.52944441,-0.800973472,-0.600718171,0.412180904,-0.475105076,-0.527441882,-0.622825584,-0.419158219,-0.830986589,-1.073464943,0.137341033
IU PDA T9 CC3,CC3,-0.12169001,-1.004865809,-0.895807451,0.638100318,-0.634270472,-1.044181426,0.22937725,-0.892663202,-1.185153815,-1.249960502,0.835298943,-0.857233284,0.559838005,0.594274827,-0.238306138,-1.555978626,0.254672404,0.88564292,0.023946965,-1.264656294,-1.044399057,0.340779241,-1.266202733,-1.028243634,-1.083171407,-1.250526408,-0.824611304,-0.613792394,0.492880183
IU PDA T9 CC4,CC4,-0.08477303,-0.109629624,-0.558934344,1.233346566,-0.512343669,-0.307685803,0.431018552,-0.151118754,-0.383208584,-0.237575133,-0.207227649,-0.274761854,0.110016391,-0.059331772,-0.157980232,-0.248261903,0.754029583,1.101869065,-0.193419766,-0.543547402,-0.431042483,0.496867791,-0.356150307,-0.466377204,-0.416241942,-0.400195775,-0.415238429,-0.296137717,0.547414343
IU PDA T9 CC5,CC5,0.246144337,0.022343645,-0.216637681,1.337034612,0.206857183,0.170198478,0.49818732,0.109254629,0.232233782,0.433648837,-0.225404286,0.007507097,0.263387614,-0.120046304,-0.123738638,0.29914341,0.739668559,0.657194921,0.37042795,0.145629118,-0.025325327,0.393417505,0.092809103,0.112855352,0.188282673,0.247317454,0.043331772,-0.120448054,0.18598285
IU PDA T9 CC7,CC7,0.538222124,-0.079663325,-0.106030355,1.438635666,0.431704174,0.172564999,0.577302481,0.224382531,0.330913618,1.103427143,-0.287652476,0.258095864,0.712215142,-0.184409002,0.003612182,0.934163214,0.314947836,0.099992266,0.703225057,0.295128225,-0.01386919,0.226564917,0.263492695,0.228905467,0.282642445,0.30949776,0.219419596,0.408347819,-0.223923355
IU PDA T9 CC9,CC9,-0.5665253,0.737010545,1.367902932,0.990804095,0.457735449,0.336520084,-0.165609061,0.699092998,0.694618743,1.131551528,-0.925729041,1.279014547,0.730043277,0.841574617,1.273756946,0.252690485,0.113200245,0.292517387,0.381891075,0.566354272,-0.60690273,0.594726944,2.552755195,1.104782485,0.303796081,0.536589221,1.541056385,0.677157777,-0.892641197